chr13	48303948	CGCCGCCGCT	C	INDEL	6946.51	4269	C001_S1=0/0	C002_S2=0/0	C003_S3=0/0	C004_S4=0/0	C005_S5=0/0	C006_S6=0/0	C007_S7=0/0	C008_S8=0/1	C009_S9=0/0	C010_S10=0/0	C011_S11=0/0	C012_S12=0/0	C013_S13=0/1	C014_S14=0/0	C016_S15=0/0	C017_S16=0/0	C018_S17=0/0	C020_S18=0/0	C021_S19=0/0	C022_S20=0/0	C023_S21=0/0	C026_S22=0/0	C027_S23=0/0	C028_S24=0/0	C029_S25=0/0	C030_S26=0/0	C031_S27=0/0	C032_S28=0/0	C033_S29=0/0	C034_S30=0/0	C035_S31=0/0	C036_S32=0/0	C037_S33=0/0	C038_S34=0/0	C039_S35=0/0	C040_S36=0/0	C041_S37=0/0	C042_S38=0/1	C043_S39=0/0	C044_S40=0/0	C045_S41=0/0	C046_S42=0/0	C047_S43=0/0	C048_S44=0/0	C049_S45=0/0	C050_S46=0/0	C051_S47=0/0	C052_S48=0/0	C053_S49=0/0	C054_S50=0/0	C055_S51=0/0	C056_S52=0/0	C057_S53=0/0	C058_S54=0/0	C059_S55=0/0	C060_S56=0/0	C061_S57=0/0	C062_S58=0/0	C063_S59=0/0	C064_S60=0/0	C066_S61=0/0	C067_S62=0/0	C068_S63=0/0	C069_S64=0/0	C070_S65=0/0	C071_S66=0/0	C072_S67=0/0	C073_S68=0/0	C074_S69=0/0	C075_S70=0/0
chr13	48304034	A	ACCTG	INDEL	1539.37	4148	C001_S1=0/0	C002_S2=0/0	C003_S3=0/0	C004_S4=0/0	C005_S5=0/0	C006_S6=0/1	C007_S7=0/0	C008_S8=0/0	C009_S9=0/0	C010_S10=0/0	C011_S11=0/0	C012_S12=0/0	C013_S13=0/0	C014_S14=0/0	C016_S15=0/0	C017_S16=0/0	C018_S17=0/0	C020_S18=0/0	C021_S19=0/0	C022_S20=0/0	C023_S21=0/0	C026_S22=0/0	C027_S23=0/0	C028_S24=0/0	C029_S25=0/0	C030_S26=0/0	C031_S27=0/0	C032_S28=0/0	C033_S29=0/0	C034_S30=0/0	C035_S31=0/0	C036_S32=0/0	C037_S33=0/0	C038_S34=0/0	C039_S35=0/0	C040_S36=0/0	C041_S37=0/0	C042_S38=0/0	C043_S39=0/0	C044_S40=0/0	C045_S41=0/0	C046_S42=0/0	C047_S43=0/0	C048_S44=0/0	C049_S45=0/0	C050_S46=0/0	C051_S47=0/0	C052_S48=0/0	C053_S49=0/0	C054_S50=0/0	C055_S51=0/0	C056_S52=0/0	C057_S53=0/0	C058_S54=0/0	C059_S55=0/0	C060_S56=0/0	C061_S57=0/0	C062_S58=0/0	C063_S59=0/0	C064_S60=0/0	C066_S61=0/0	C067_S62=0/0	C068_S63=0/0	C069_S64=0/0	C070_S65=0/0	C071_S66=0/0	C072_S67=0/0	C073_S68=0/0	C074_S69=0/0	C075_S70=0/0
chr13	48307342	C	CA	INDEL	3323.4	9283	C001_S1=0/0	C002_S2=0/0	C003_S3=0/0	C004_S4=0/0	C005_S5=0/0	C006_S6=0/0	C007_S7=0/0	C008_S8=0/0	C009_S9=0/0	C010_S10=0/0	C011_S11=0/0	C012_S12=0/1	C013_S13=0/0	C014_S14=0/0	C016_S15=0/0	C017_S16=0/0	C018_S17=0/0	C020_S18=0/0	C021_S19=0/0	C022_S20=0/0	C023_S21=0/0	C026_S22=0/0	C027_S23=0/0	C028_S24=0/0	C029_S25=0/0	C030_S26=0/0	C031_S27=0/0	C032_S28=0/0	C033_S29=0/0	C034_S30=0/0	C035_S31=0/0	C036_S32=0/0	C037_S33=0/0	C038_S34=0/0	C039_S35=0/0	C040_S36=0/0	C041_S37=0/0	C042_S38=0/0	C043_S39=0/0	C044_S40=0/0	C045_S41=0/0	C046_S42=0/0	C047_S43=0/0	C048_S44=0/0	C049_S45=0/0	C050_S46=0/0	C051_S47=0/0	C052_S48=0/0	C053_S49=0/0	C054_S50=0/0	C055_S51=0/0	C056_S52=0/0	C057_S53=0/0	C058_S54=0/0	C059_S55=0/0	C060_S56=0/0	C061_S57=0/0	C062_S58=0/0	C063_S59=0/0	C064_S60=0/0	C066_S61=0/0	C067_S62=0/0	C068_S63=0/0	C069_S64=0/0	C070_S65=0/0	C071_S66=0/0	C072_S67=0/0	C073_S68=./.	C074_S69=0/0	C075_S70=0/0
chr13	48345107	AG	A	INDEL	990.42	5515	C001_S1=0/0	C002_S2=0/0	C003_S3=0/0	C004_S4=0/0	C005_S5=0/0	C006_S6=0/0	C007_S7=0/0	C008_S8=0/0	C009_S9=0/0	C010_S10=0/0	C011_S11=0/0	C012_S12=0/0	C013_S13=0/0	C014_S14=0/0	C016_S15=0/0	C017_S16=0/0	C018_S17=0/0	C020_S18=0/0	C021_S19=0/0	C022_S20=0/0	C023_S21=0/0	C026_S22=0/0	C027_S23=0/0	C028_S24=0/0	C029_S25=0/0	C030_S26=0/0	C031_S27=0/0	C032_S28=0/0	C033_S29=0/0	C034_S30=0/0	C035_S31=0/0	C036_S32=0/0	C037_S33=0/0	C038_S34=0/0	C039_S35=0/0	C040_S36=0/0	C041_S37=0/0	C042_S38=0/0	C043_S39=0/0	C044_S40=0/0	C045_S41=0/0	C046_S42=0/0	C047_S43=0/0	C048_S44=0/0	C049_S45=0/0	C050_S46=0/0	C051_S47=0/0	C052_S48=0/0	C053_S49=0/0	C054_S50=0/0	C055_S51=0/0	C056_S52=0/0	C057_S53=0/0	C058_S54=0/0	C059_S55=0/0	C060_S56=0/0	C061_S57=0/0	C062_S58=0/0	C063_S59=0/0	C064_S60=0/0	C066_S61=0/0	C067_S62=0/0	C068_S63=0/0	C069_S64=0/0	C070_S65=0/0	C071_S66=0/0	C072_S67=0/0	C073_S68=./.	C074_S69=0/0	C075_S70=0/1
chr13	48348956	GA	G	INDEL	1156.43	5095	C001_S1=0/0	C002_S2=0/0	C003_S3=0/0	C004_S4=0/0	C005_S5=0/0	C006_S6=0/0	C007_S7=0/0	C008_S8=0/0	C009_S9=0/0	C010_S10=0/0	C011_S11=0/0	C012_S12=0/0	C013_S13=0/0	C014_S14=0/0	C016_S15=0/0	C017_S16=0/0	C018_S17=0/0	C020_S18=0/0	C021_S19=0/0	C022_S20=0/0	C023_S21=0/0	C026_S22=0/0	C027_S23=0/0	C028_S24=0/0	C029_S25=0/0	C030_S26=0/0	C031_S27=0/0	C032_S28=0/0	C033_S29=0/0	C034_S30=0/0	C035_S31=0/0	C036_S32=0/0	C037_S33=0/0	C038_S34=0/0	C039_S35=0/0	C040_S36=0/0	C041_S37=0/0	C042_S38=0/0	C043_S39=0/0	C044_S40=0/0	C045_S41=0/0	C046_S42=0/0	C047_S43=0/0	C048_S44=0/0	C049_S45=0/0	C050_S46=0/0	C051_S47=0/0	C052_S48=0/0	C053_S49=0/0	C054_S50=0/0	C055_S51=0/0	C056_S52=0/0	C057_S53=0/0	C058_S54=0/0	C059_S55=0/0	C060_S56=0/0	C061_S57=0/0	C062_S58=0/0	C063_S59=0/0	C064_S60=0/0	C066_S61=0/0	C067_S62=0/0	C068_S63=0/0	C069_S64=0/0	C070_S65=0/0	C071_S66=0/1	C072_S67=0/0	C073_S68=./.	C074_S69=0/0	C075_S70=0/0
chr13	48348988	TA	T	INDEL	1194.43	5105	C001_S1=0/0	C002_S2=0/0	C003_S3=0/0	C004_S4=0/0	C005_S5=0/0	C006_S6=0/0	C007_S7=0/0	C008_S8=0/0	C009_S9=0/0	C010_S10=0/0	C011_S11=0/0	C012_S12=0/0	C013_S13=0/0	C014_S14=0/0	C016_S15=0/0	C017_S16=0/0	C018_S17=0/0	C020_S18=0/0	C021_S19=0/0	C022_S20=0/0	C023_S21=0/0	C026_S22=0/0	C027_S23=0/0	C028_S24=0/0	C029_S25=0/0	C030_S26=0/0	C031_S27=0/0	C032_S28=0/0	C033_S29=0/0	C034_S30=0/0	C035_S31=0/0	C036_S32=0/0	C037_S33=0/0	C038_S34=0/0	C039_S35=0/0	C040_S36=0/0	C041_S37=0/0	C042_S38=0/0	C043_S39=0/0	C044_S40=0/0	C045_S41=0/0	C046_S42=0/0	C047_S43=0/0	C048_S44=0/0	C049_S45=0/0	C050_S46=0/0	C051_S47=0/0	C052_S48=0/0	C053_S49=0/0	C054_S50=0/0	C055_S51=0/0	C056_S52=0/0	C057_S53=0/0	C058_S54=0/0	C059_S55=0/0	C060_S56=0/0	C061_S57=0/0	C062_S58=0/0	C063_S59=0/0	C064_S60=0/0	C066_S61=0/0	C067_S62=0/0	C068_S63=0/0	C069_S64=0/1	C070_S65=0/0	C071_S66=0/0	C072_S67=0/0	C073_S68=./.	C074_S69=0/0	C075_S70=0/0
chr13	48349013	AT	A	INDEL	1785.42	5157	C001_S1=0/0	C002_S2=0/0	C003_S3=0/0	C004_S4=0/0	C005_S5=0/0	C006_S6=0/0	C007_S7=0/0	C008_S8=0/0	C009_S9=0/0	C010_S10=0/0	C011_S11=0/0	C012_S12=0/0	C013_S13=0/0	C014_S14=0/0	C016_S15=0/0	C017_S16=0/0	C018_S17=0/0	C020_S18=0/0	C021_S19=0/0	C022_S20=0/0	C023_S21=0/0	C026_S22=0/0	C027_S23=0/0	C028_S24=0/0	C029_S25=0/0	C030_S26=0/0	C031_S27=0/0	C032_S28=0/0	C033_S29=0/0	C034_S30=0/0	C035_S31=0/0	C036_S32=0/0	C037_S33=0/0	C038_S34=0/0	C039_S35=0/0	C040_S36=0/0	C041_S37=0/0	C042_S38=0/0	C043_S39=0/0	C044_S40=0/0	C045_S41=0/0	C046_S42=0/0	C047_S43=0/0	C048_S44=0/0	C049_S45=0/0	C050_S46=0/0	C051_S47=0/0	C052_S48=0/0	C053_S49=0/0	C054_S50=0/0	C055_S51=0/0	C056_S52=0/0	C057_S53=0/0	C058_S54=0/0	C059_S55=0/0	C060_S56=0/0	C061_S57=0/0	C062_S58=0/0	C063_S59=0/0	C064_S60=0/0	C066_S61=0/0	C067_S62=0/1	C068_S63=0/0	C069_S64=0/0	C070_S65=0/0	C071_S66=0/0	C072_S67=0/0	C073_S68=./.	C074_S69=0/0	C075_S70=0/0
chr13	48349020	A	T	SNP	1426.46	5205	C001_S1=0/0	C002_S2=0/0	C003_S3=0/0	C004_S4=0/0	C005_S5=0/0	C006_S6=0/0	C007_S7=0/0	C008_S8=0/0	C009_S9=0/0	C010_S10=0/0	C011_S11=0/0	C012_S12=0/0	C013_S13=0/0	C014_S14=0/0	C016_S15=0/0	C017_S16=0/0	C018_S17=0/0	C020_S18=0/0	C021_S19=0/0	C022_S20=0/0	C023_S21=0/0	C026_S22=0/0	C027_S23=0/0	C028_S24=0/0	C029_S25=0/0	C030_S26=0/0	C031_S27=0/0	C032_S28=0/0	C033_S29=0/0	C034_S30=0/0	C035_S31=0/0	C036_S32=0/0	C037_S33=0/0	C038_S34=0/0	C039_S35=0/0	C040_S36=0/1	C041_S37=0/0	C042_S38=0/0	C043_S39=0/0	C044_S40=0/0	C045_S41=0/0	C046_S42=0/0	C047_S43=0/0	C048_S44=0/0	C049_S45=0/0	C050_S46=0/0	C051_S47=0/0	C052_S48=0/0	C053_S49=0/0	C054_S50=0/0	C055_S51=0/0	C056_S52=0/0	C057_S53=0/0	C058_S54=0/0	C059_S55=0/0	C060_S56=0/0	C061_S57=0/0	C062_S58=0/0	C063_S59=0/0	C064_S60=0/0	C066_S61=0/0	C067_S62=0/0	C068_S63=0/0	C069_S64=0/0	C070_S65=0/0	C071_S66=0/0	C072_S67=0/0	C073_S68=./.	C074_S69=0/0	C075_S70=0/0
chr13	48360132	GTATT	G	INDEL	2086.37	5453	C001_S1=0/0	C002_S2=0/0	C003_S3=0/0	C004_S4=0/0	C005_S5=0/0	C006_S6=0/0	C007_S7=0/0	C008_S8=0/0	C009_S9=0/0	C010_S10=0/0	C011_S11=0/0	C012_S12=0/0	C013_S13=0/0	C014_S14=0/0	C016_S15=0/0	C017_S16=0/1	C018_S17=0/0	C020_S18=0/0	C021_S19=0/0	C022_S20=0/0	C023_S21=0/0	C026_S22=0/0	C027_S23=0/0	C028_S24=0/0	C029_S25=0/0	C030_S26=0/0	C031_S27=0/0	C032_S28=0/0	C033_S29=0/0	C034_S30=0/0	C035_S31=0/0	C036_S32=0/0	C037_S33=0/0	C038_S34=0/0	C039_S35=0/0	C040_S36=0/0	C041_S37=0/0	C042_S38=0/0	C043_S39=0/0	C044_S40=0/0	C045_S41=0/0	C046_S42=0/0	C047_S43=0/0	C048_S44=0/0	C049_S45=0/0	C050_S46=0/0	C051_S47=0/0	C052_S48=0/0	C053_S49=0/0	C054_S50=0/0	C055_S51=0/0	C056_S52=0/0	C057_S53=0/0	C058_S54=0/0	C059_S55=0/0	C060_S56=0/0	C061_S57=0/0	C062_S58=0/0	C063_S59=0/0	C064_S60=0/0	C066_S61=0/0	C067_S62=0/0	C068_S63=0/0	C069_S64=0/0	C070_S65=0/0	C071_S66=0/0	C072_S67=0/0	C073_S68=0/0	C074_S69=0/0	C075_S70=0/0
chr13	48360162	A	T	SNP	2479.04	5441	C001_S1=0/0	C002_S2=0/0	C003_S3=0/0	C004_S4=0/0	C005_S5=0/0	C006_S6=0/0	C007_S7=0/0	C008_S8=0/0	C009_S9=0/0	C010_S10=0/0	C011_S11=0/0	C012_S12=0/0	C013_S13=0/0	C014_S14=0/0	C016_S15=0/0	C017_S16=0/0	C018_S17=0/0	C020_S18=0/0	C021_S19=0/0	C022_S20=0/0	C023_S21=0/0	C026_S22=0/0	C027_S23=0/0	C028_S24=0/0	C029_S25=0/1	C030_S26=0/0	C031_S27=0/0	C032_S28=0/0	C033_S29=0/0	C034_S30=0/0	C035_S31=0/0	C036_S32=0/0	C037_S33=0/0	C038_S34=0/0	C039_S35=0/0	C040_S36=0/0	C041_S37=0/0	C042_S38=0/0	C043_S39=0/0	C044_S40=0/0	C045_S41=0/0	C046_S42=0/0	C047_S43=0/0	C048_S44=0/0	C049_S45=0/0	C050_S46=0/0	C051_S47=0/0	C052_S48=0/0	C053_S49=0/0	C054_S50=0/0	C055_S51=0/0	C056_S52=0/0	C057_S53=0/0	C058_S54=0/0	C059_S55=0/0	C060_S56=0/1	C061_S57=0/0	C062_S58=0/0	C063_S59=0/0	C064_S60=0/0	C066_S61=0/0	C067_S62=0/0	C068_S63=0/0	C069_S64=0/0	C070_S65=0/0	C071_S66=0/0	C072_S67=0/0	C073_S68=0/0	C074_S69=0/0	C075_S70=0/0
chr13	48362840	T	G	SNP	56.32	6049	C001_S1=0/0	C002_S2=0/0	C003_S3=0/0	C004_S4=0/0	C005_S5=0/0	C006_S6=0/0	C007_S7=0/0	C008_S8=0/0	C009_S9=0/0	C010_S10=0/0	C011_S11=0/0	C012_S12=0/0	C013_S13=0/0	C014_S14=0/0	C016_S15=0/0	C017_S16=0/0	C018_S17=0/0	C020_S18=0/0	C021_S19=0/0	C022_S20=0/0	C023_S21=0/0	C026_S22=0/0	C027_S23=0/0	C028_S24=0/0	C029_S25=0/0	C030_S26=0/0	C031_S27=0/0	C032_S28=0/0	C033_S29=0/0	C034_S30=0/0	C035_S31=0/0	C036_S32=0/0	C037_S33=0/0	C038_S34=0/0	C039_S35=0/0	C040_S36=0/0	C041_S37=0/0	C042_S38=0/0	C043_S39=0/0	C044_S40=0/0	C045_S41=0/0	C046_S42=0/0	C047_S43=0/0	C048_S44=0/0	C049_S45=0/0	C050_S46=0/0	C051_S47=0/0	C052_S48=0/0	C053_S49=0/0	C054_S50=0/0	C055_S51=0/0	C056_S52=0/0	C057_S53=0/0	C058_S54=0/0	C059_S55=0/0	C060_S56=0/0	C061_S57=0/0	C062_S58=0/0	C063_S59=0/0	C064_S60=0/0	C066_S61=0/0	C067_S62=0/0	C068_S63=0/0	C069_S64=0/0	C070_S65=0/0	C071_S66=0/0	C072_S67=0/0	C073_S68=0|1	C074_S69=0/0	C075_S70=0/0
chr13	48362841	T	TATAA	INDEL	56.28	6055	C001_S1=0/0	C002_S2=0/0	C003_S3=0/0	C004_S4=0/0	C005_S5=0/0	C006_S6=0/0	C007_S7=0/0	C008_S8=0/0	C009_S9=0/0	C010_S10=0/0	C011_S11=0/0	C012_S12=0/0	C013_S13=0/0	C014_S14=0/0	C016_S15=0/0	C017_S16=0/0	C018_S17=0/0	C020_S18=0/0	C021_S19=0/0	C022_S20=0/0	C023_S21=0/0	C026_S22=0/0	C027_S23=0/0	C028_S24=0/0	C029_S25=0/0	C030_S26=0/0	C031_S27=0/0	C032_S28=0/0	C033_S29=0/0	C034_S30=0/0	C035_S31=0/0	C036_S32=0/0	C037_S33=0/0	C038_S34=0/0	C039_S35=0/0	C040_S36=0/0	C041_S37=0/0	C042_S38=0/0	C043_S39=0/0	C044_S40=0/0	C045_S41=0/0	C046_S42=0/0	C047_S43=0/0	C048_S44=0/0	C049_S45=0/0	C050_S46=0/0	C051_S47=0/0	C052_S48=0/0	C053_S49=0/0	C054_S50=0/0	C055_S51=0/0	C056_S52=0/0	C057_S53=0/0	C058_S54=0/0	C059_S55=0/0	C060_S56=0/0	C061_S57=0/0	C062_S58=0/0	C063_S59=0/0	C064_S60=0/0	C066_S61=0/0	C067_S62=0/0	C068_S63=0/0	C069_S64=0/0	C070_S65=0/0	C071_S66=0/0	C072_S67=0/0	C073_S68=0|1	C074_S69=0/0	C075_S70=0/0
chr13	48362844	C	G	SNP	56.32	6052	C001_S1=0/0	C002_S2=0/0	C003_S3=0/0	C004_S4=0/0	C005_S5=0/0	C006_S6=0/0	C007_S7=0/0	C008_S8=0/0	C009_S9=0/0	C010_S10=0/0	C011_S11=0/0	C012_S12=0/0	C013_S13=0/0	C014_S14=0/0	C016_S15=0/0	C017_S16=0/0	C018_S17=0/0	C020_S18=0/0	C021_S19=0/0	C022_S20=0/0	C023_S21=0/0	C026_S22=0/0	C027_S23=0/0	C028_S24=0/0	C029_S25=0/0	C030_S26=0/0	C031_S27=0/0	C032_S28=0/0	C033_S29=0/0	C034_S30=0/0	C035_S31=0/0	C036_S32=0/0	C037_S33=0/0	C038_S34=0/0	C039_S35=0/0	C040_S36=0/0	C041_S37=0/0	C042_S38=0/0	C043_S39=0/0	C044_S40=0/0	C045_S41=0/0	C046_S42=0/0	C047_S43=0/0	C048_S44=0/0	C049_S45=0/0	C050_S46=0/0	C051_S47=0/0	C052_S48=0/0	C053_S49=0/0	C054_S50=0/0	C055_S51=0/0	C056_S52=0/0	C057_S53=0/0	C058_S54=0/0	C059_S55=0/0	C060_S56=0/0	C061_S57=0/0	C062_S58=0/0	C063_S59=0/0	C064_S60=0/0	C066_S61=0/0	C067_S62=0/0	C068_S63=0/0	C069_S64=0/0	C070_S65=0/0	C071_S66=0/0	C072_S67=0/0	C073_S68=0|1	C074_S69=0/0	C075_S70=0/0
chr13	48362852	AC	A	INDEL	5780.88	6116	C001_S1=0/0	C002_S2=0/0	C003_S3=0/0	C004_S4=0/0	C005_S5=0/0	C006_S6=0/0	C007_S7=0/0	C008_S8=0/0	C009_S9=0/0	C010_S10=0/0	C011_S11=0/0	C012_S12=0/0	C013_S13=0/0	C014_S14=0/0	C016_S15=0/0	C017_S16=0/0	C018_S17=0/0	C020_S18=0/0	C021_S19=0/0	C022_S20=0/1	C023_S21=0/1	C026_S22=0/0	C027_S23=0/0	C028_S24=0/0	C029_S25=0/0	C030_S26=0/0	C031_S27=0/0	C032_S28=0/0	C033_S29=0/0	C034_S30=0/0	C035_S31=0/0	C036_S32=0/0	C037_S33=0/0	C038_S34=0/0	C039_S35=0/0	C040_S36=0/0	C041_S37=0/0	C042_S38=0/0	C043_S39=0/0	C044_S40=0/0	C045_S41=0/0	C046_S42=0/0	C047_S43=0/0	C048_S44=0/0	C049_S45=0/0	C050_S46=0/0	C051_S47=0/0	C052_S48=0/0	C053_S49=0/0	C054_S50=0/0	C055_S51=0/0	C056_S52=0/0	C057_S53=0/0	C058_S54=0/0	C059_S55=0/0	C060_S56=0/0	C061_S57=0/0	C062_S58=0/0	C063_S59=0/0	C064_S60=0/0	C066_S61=0/0	C067_S62=0/0	C068_S63=0/0	C069_S64=0/0	C070_S65=0/0	C071_S66=0/0	C072_S67=0/0	C073_S68=./.	C074_S69=0/0	C075_S70=0/0
chr13	48367512	C	T	SNP	1069.46	5680	C001_S1=0/0	C002_S2=0/0	C003_S3=0/0	C004_S4=0/0	C005_S5=0/0	C006_S6=0/0	C007_S7=0/0	C008_S8=0/0	C009_S9=0/0	C010_S10=0/0	C011_S11=0/0	C012_S12=0/0	C013_S13=0/0	C014_S14=0/0	C016_S15=0/0	C017_S16=0/0	C018_S17=0/0	C020_S18=0/0	C021_S19=0/0	C022_S20=0/0	C023_S21=0/0	C026_S22=0/1	C027_S23=0/0	C028_S24=0/0	C029_S25=0/0	C030_S26=0/0	C031_S27=0/0	C032_S28=0/0	C033_S29=0/0	C034_S30=0/0	C035_S31=0/0	C036_S32=0/0	C037_S33=0/0	C038_S34=0/0	C039_S35=0/0	C040_S36=0/0	C041_S37=0/0	C042_S38=0/0	C043_S39=0/0	C044_S40=0/0	C045_S41=0/0	C046_S42=0/0	C047_S43=0/0	C048_S44=0/0	C049_S45=0/0	C050_S46=0/0	C051_S47=0/0	C052_S48=0/0	C053_S49=0/0	C054_S50=0/0	C055_S51=0/0	C056_S52=0/0	C057_S53=0/0	C058_S54=0/0	C059_S55=0/0	C060_S56=0/0	C061_S57=0/0	C062_S58=0/0	C063_S59=0/0	C064_S60=0/0	C066_S61=0/0	C067_S62=0/0	C068_S63=0/0	C069_S64=0/0	C070_S65=0/0	C071_S66=0/0	C072_S67=0/0	C073_S68=./.	C074_S69=0/0	C075_S70=0/0
chr13	48367517	C	G	SNP	1491.46	5689	C001_S1=0/0	C002_S2=0/0	C003_S3=0/0	C004_S4=0/0	C005_S5=0/0	C006_S6=0/0	C007_S7=0/0	C008_S8=0/0	C009_S9=0/0	C010_S10=0/0	C011_S11=0/0	C012_S12=0/0	C013_S13=0/0	C014_S14=0/0	C016_S15=0/0	C017_S16=0/1	C018_S17=0/0	C020_S18=0/0	C021_S19=0/0	C022_S20=0/0	C023_S21=0/0	C026_S22=0/0	C027_S23=0/0	C028_S24=0/0	C029_S25=0/0	C030_S26=0/0	C031_S27=0/0	C032_S28=0/0	C033_S29=0/0	C034_S30=0/0	C035_S31=0/0	C036_S32=0/0	C037_S33=0/0	C038_S34=0/0	C039_S35=0/0	C040_S36=0/0	C041_S37=0/0	C042_S38=0/0	C043_S39=0/0	C044_S40=0/0	C045_S41=0/0	C046_S42=0/0	C047_S43=0/0	C048_S44=0/0	C049_S45=0/0	C050_S46=0/0	C051_S47=0/0	C052_S48=0/0	C053_S49=0/0	C054_S50=0/0	C055_S51=0/0	C056_S52=0/0	C057_S53=0/0	C058_S54=0/0	C059_S55=0/0	C060_S56=0/0	C061_S57=0/0	C062_S58=0/0	C063_S59=0/0	C064_S60=0/0	C066_S61=0/0	C067_S62=0/0	C068_S63=0/0	C069_S64=0/0	C070_S65=0/0	C071_S66=0/0	C072_S67=0/0	C073_S68=0/0	C074_S69=0/0	C075_S70=0/0
chr13	48367518	G	T	SNP	1209.46	5692	C001_S1=0/0	C002_S2=0/0	C003_S3=0/0	C004_S4=0/0	C005_S5=0/0	C006_S6=0/0	C007_S7=0/0	C008_S8=0/0	C009_S9=0/0	C010_S10=0/0	C011_S11=0/0	C012_S12=0/0	C013_S13=0/0	C014_S14=0/0	C016_S15=0/0	C017_S16=0/0	C018_S17=0/0	C020_S18=0/0	C021_S19=0/0	C022_S20=0/0	C023_S21=0/0	C026_S22=0/0	C027_S23=0/0	C028_S24=0/0	C029_S25=0/0	C030_S26=0/0	C031_S27=0/0	C032_S28=0/0	C033_S29=0/0	C034_S30=0/0	C035_S31=0/0	C036_S32=0/0	C037_S33=0/0	C038_S34=0/0	C039_S35=0/0	C040_S36=0/0	C041_S37=0/0	C042_S38=0/0	C043_S39=0/0	C044_S40=0/0	C045_S41=0/0	C046_S42=0/0	C047_S43=0/0	C048_S44=0/0	C049_S45=0/0	C050_S46=0/0	C051_S47=0/0	C052_S48=0/0	C053_S49=0/0	C054_S50=0/1	C055_S51=0/0	C056_S52=0/0	C057_S53=0/0	C058_S54=0/0	C059_S55=0/0	C060_S56=0/0	C061_S57=0/0	C062_S58=0/0	C063_S59=0/0	C064_S60=0/0	C066_S61=0/0	C067_S62=0/0	C068_S63=0/0	C069_S64=0/0	C070_S65=0/0	C071_S66=0/0	C072_S67=0/0	C073_S68=0/0	C074_S69=0/0	C075_S70=0/0
chr13	48367559	AT	A	INDEL	2016.3	5777	C001_S1=0/0	C002_S2=0/0	C003_S3=0/0	C004_S4=0/0	C005_S5=0/0	C006_S6=0/0	C007_S7=0/0	C008_S8=0/0	C009_S9=0/0	C010_S10=0/0	C011_S11=0/0	C012_S12=0/0	C013_S13=0/0	C014_S14=0/0	C016_S15=0/0	C017_S16=0/0	C018_S17=0/0	C020_S18=0/0	C021_S19=0/0	C022_S20=0/0	C023_S21=0/0	C026_S22=0/0	C027_S23=0/0	C028_S24=0/0	C029_S25=0/0	C030_S26=0/0	C031_S27=0/0	C032_S28=0/0	C033_S29=0/0	C034_S30=0/0	C035_S31=0/0	C036_S32=0/0	C037_S33=0/0	C038_S34=0/0	C039_S35=0/0	C040_S36=0/0	C041_S37=0/0	C042_S38=0/0	C043_S39=0/0	C044_S40=0/0	C045_S41=0/0	C046_S42=0/0	C047_S43=0/0	C048_S44=0/0	C049_S45=0/0	C050_S46=0/0	C051_S47=0/1	C052_S48=0/0	C053_S49=0/0	C054_S50=0/0	C055_S51=0/0	C056_S52=0/0	C057_S53=0/0	C058_S54=0/0	C059_S55=0/0	C060_S56=0/0	C061_S57=0/0	C062_S58=0/0	C063_S59=0/0	C064_S60=0/0	C066_S61=0/0	C067_S62=0/0	C068_S63=0/0	C069_S64=0/0	C070_S65=0/0	C071_S66=0/0	C072_S67=0/0	C073_S68=0/0	C074_S69=0/0	C075_S70=0/0
chr13	48367599	GACAGGTATTGC	G	INDEL	2354.34	5747	C001_S1=0/0	C002_S2=0/0	C003_S3=0/0	C004_S4=0/0	C005_S5=0/0	C006_S6=0/0	C007_S7=0/0	C008_S8=0/0	C009_S9=0/0	C010_S10=0/0	C011_S11=0/0	C012_S12=0/0	C013_S13=0/0	C014_S14=0/0	C016_S15=0/0	C017_S16=0/0	C018_S17=0/0	C020_S18=0/0	C021_S19=0/0	C022_S20=0/0	C023_S21=0/0	C026_S22=0/0	C027_S23=0/0	C028_S24=0/0	C029_S25=0/0	C030_S26=0/0	C031_S27=0/0	C032_S28=0/0	C033_S29=0/0	C034_S30=0/0	C035_S31=0/0	C036_S32=0/0	C037_S33=0/0	C038_S34=0/0	C039_S35=0/0	C040_S36=0/0	C041_S37=0/0	C042_S38=0/0	C043_S39=0/0	C044_S40=0/0	C045_S41=0/0	C046_S42=0/0	C047_S43=0/0	C048_S44=0/0	C049_S45=0/0	C050_S46=0/0	C051_S47=0/1	C052_S48=0/0	C053_S49=0/0	C054_S50=0/0	C055_S51=0/0	C056_S52=0/0	C057_S53=0/0	C058_S54=0/0	C059_S55=0/0	C060_S56=0/0	C061_S57=0/0	C062_S58=0/0	C063_S59=0/0	C064_S60=0/0	C066_S61=0/0	C067_S62=0/0	C068_S63=0/0	C069_S64=0/0	C070_S65=0/0	C071_S66=0/0	C072_S67=0/0	C073_S68=0/0	C074_S69=0/0	C075_S70=0/0
chr13	48368530	TG	T	INDEL	2031.31	8658	C001_S1=0/0	C002_S2=0/0	C003_S3=0/0	C004_S4=0/0	C005_S5=0/0	C006_S6=0/0	C007_S7=0/0	C008_S8=0/0	C009_S9=0/0	C010_S10=0/0	C011_S11=0/0	C012_S12=0/0	C013_S13=0/0	C014_S14=0/1	C016_S15=0/0	C017_S16=0/0	C018_S17=0/0	C020_S18=0/0	C021_S19=0/0	C022_S20=0/0	C023_S21=0/0	C026_S22=0/0	C027_S23=0/0	C028_S24=0/0	C029_S25=0/0	C030_S26=0/0	C031_S27=0/0	C032_S28=0/0	C033_S29=0/0	C034_S30=0/0	C035_S31=0/0	C036_S32=0/0	C037_S33=0/0	C038_S34=0/0	C039_S35=0/0	C040_S36=0/0	C041_S37=0/0	C042_S38=0/0	C043_S39=0/0	C044_S40=0/0	C045_S41=0/0	C046_S42=0/0	C047_S43=0/0	C048_S44=0/0	C049_S45=0/0	C050_S46=0/0	C051_S47=0/0	C052_S48=0/0	C053_S49=0/0	C054_S50=0/0	C055_S51=0/0	C056_S52=0/0	C057_S53=0/0	C058_S54=0/0	C059_S55=0/0	C060_S56=0/0	C061_S57=0/0	C062_S58=0/0	C063_S59=0/0	C064_S60=0/0	C066_S61=0/0	C067_S62=0/0	C068_S63=0/0	C069_S64=0/0	C070_S65=0/0	C071_S66=0/0	C072_S67=0/0	C073_S68=0/0	C074_S69=0/0	C075_S70=0/0
chr13	48368549	C	T	SNP	2164.73	8280	C001_S1=0/0	C002_S2=0/0	C003_S3=0/0	C004_S4=0/0	C005_S5=0/0	C006_S6=0/0	C007_S7=0/0	C008_S8=0/1	C009_S9=0/0	C010_S10=0/0	C011_S11=0/0	C012_S12=0/0	C013_S13=0/0	C014_S14=0/0	C016_S15=0/0	C017_S16=0/0	C018_S17=0/0	C020_S18=0/0	C021_S19=0/0	C022_S20=0/0	C023_S21=0/0	C026_S22=0/0	C027_S23=0/0	C028_S24=0/0	C029_S25=0/0	C030_S26=0/0	C031_S27=0/0	C032_S28=0/0	C033_S29=0/0	C034_S30=0/0	C035_S31=0/0	C036_S32=0/0	C037_S33=0/0	C038_S34=0/0	C039_S35=0/0	C040_S36=0/0	C041_S37=0/0	C042_S38=0/0	C043_S39=0/0	C044_S40=0/0	C045_S41=0/0	C046_S42=0/0	C047_S43=0/0	C048_S44=0/0	C049_S45=0/0	C050_S46=0/0	C051_S47=0/0	C052_S48=0/0	C053_S49=0/0	C054_S50=0/0	C055_S51=0/0	C056_S52=0/0	C057_S53=0/0	C058_S54=0/0	C059_S55=0/0	C060_S56=0/0	C061_S57=0/0	C062_S58=0/1	C063_S59=0/0	C064_S60=0/0	C066_S61=0/0	C067_S62=0/0	C068_S63=0/0	C069_S64=0/0	C070_S65=0/0	C071_S66=0/0	C072_S67=0/0	C073_S68=0/0	C074_S69=0/1	C075_S70=0/0
chr13	48373406	A	T	SNP	1695.35	5355	C001_S1=0/0	C002_S2=0/0	C003_S3=0/0	C004_S4=0/0	C005_S5=0/0	C006_S6=0/0	C007_S7=0/0	C008_S8=0/0	C009_S9=0/0	C010_S10=0/0	C011_S11=0/0	C012_S12=0/0	C013_S13=0/0	C014_S14=0/0	C016_S15=0/0	C017_S16=0/0	C018_S17=0/0	C020_S18=0/0	C021_S19=0/0	C022_S20=0/0	C023_S21=0/0	C026_S22=0/0	C027_S23=0/0	C028_S24=0/0	C029_S25=0/1	C030_S26=0/0	C031_S27=0/0	C032_S28=0/0	C033_S29=0/0	C034_S30=0/0	C035_S31=0/0	C036_S32=0/0	C037_S33=0/0	C038_S34=0/0	C039_S35=0/0	C040_S36=0/0	C041_S37=0/0	C042_S38=0/0	C043_S39=0/0	C044_S40=0/0	C045_S41=0/0	C046_S42=0/0	C047_S43=0/0	C048_S44=0/0	C049_S45=0/0	C050_S46=0/0	C051_S47=0/0	C052_S48=0/0	C053_S49=0/0	C054_S50=0/0	C055_S51=0/0	C056_S52=0/0	C057_S53=0/0	C058_S54=0/0	C059_S55=0/0	C060_S56=0/0	C061_S57=0/0	C062_S58=0/0	C063_S59=0/0	C064_S60=0/0	C066_S61=0/0	C067_S62=0/0	C068_S63=0/0	C069_S64=0/0	C070_S65=0/0	C071_S66=0/0	C072_S67=0/0	C073_S68=0/0	C074_S69=0/0	C075_S70=0/0
chr13	48379594	C	T	SNP	1818.95	4935	C001_S1=0/0	C002_S2=0/0	C003_S3=0/0	C004_S4=0/0	C005_S5=0/0	C006_S6=0/0	C007_S7=0/1	C008_S8=0/0	C009_S9=0/0	C010_S10=0/0	C011_S11=0/0	C012_S12=0/0	C013_S13=0/0	C014_S14=0/0	C016_S15=0/0	C017_S16=0/0	C018_S17=0/0	C020_S18=0/0	C021_S19=0/0	C022_S20=0/0	C023_S21=0/0	C026_S22=0/0	C027_S23=0/0	C028_S24=0/0	C029_S25=0/0	C030_S26=0/0	C031_S27=0/0	C032_S28=0/0	C033_S29=0/0	C034_S30=0/0	C035_S31=0/0	C036_S32=0/0	C037_S33=0/0	C038_S34=0/0	C039_S35=0/0	C040_S36=0/0	C041_S37=0/0	C042_S38=0/0	C043_S39=0/0	C044_S40=0/0	C045_S41=0/0	C046_S42=0/0	C047_S43=0/0	C048_S44=0/0	C049_S45=0/0	C050_S46=0/0	C051_S47=0/0	C052_S48=0/0	C053_S49=0/0	C054_S50=0/0	C055_S51=0/0	C056_S52=0/0	C057_S53=0/0	C058_S54=0/0	C059_S55=0/0	C060_S56=0/0	C061_S57=0/1	C062_S58=0/0	C063_S59=0/0	C064_S60=0/0	C066_S61=0/0	C067_S62=0/0	C068_S63=0/0	C069_S64=0/0	C070_S65=0/0	C071_S66=0/0	C072_S67=0/0	C073_S68=./.	C074_S69=0/0	C075_S70=0/0
chr13	48379624	C	T	SNP	1139.34	5004	C001_S1=0/0	C002_S2=0/0	C003_S3=0/0	C004_S4=0/0	C005_S5=0/0	C006_S6=0/0	C007_S7=0/0	C008_S8=0/0	C009_S9=0/0	C010_S10=0/0	C011_S11=0/0	C012_S12=0/0	C013_S13=0/0	C014_S14=0/0	C016_S15=0/0	C017_S16=0/0	C018_S17=0/0	C020_S18=0/0	C021_S19=0/0	C022_S20=0/0	C023_S21=0/0	C026_S22=0/0	C027_S23=0/0	C028_S24=0/0	C029_S25=0/0	C030_S26=0/0	C031_S27=0/0	C032_S28=0/0	C033_S29=0/0	C034_S30=0/0	C035_S31=0/0	C036_S32=0/0	C037_S33=0/0	C038_S34=0/1	C039_S35=0/0	C040_S36=0/0	C041_S37=0/0	C042_S38=0/0	C043_S39=0/0	C044_S40=0/0	C045_S41=0/0	C046_S42=0/0	C047_S43=0/0	C048_S44=0/0	C049_S45=0/0	C050_S46=0/0	C051_S47=0/0	C052_S48=0/0	C053_S49=0/0	C054_S50=0/0	C055_S51=0/0	C056_S52=0/0	C057_S53=0/0	C058_S54=0/0	C059_S55=0/0	C060_S56=0/0	C061_S57=0/0	C062_S58=0/0	C063_S59=0/0	C064_S60=0/0	C066_S61=0/0	C067_S62=0/0	C068_S63=0/0	C069_S64=0/0	C070_S65=0/0	C071_S66=0/0	C072_S67=0/0	C073_S68=0/0	C074_S69=0/0	C075_S70=0/0
chr13	48380203	T	A	SNP	2074.32	6012	C001_S1=0/0	C002_S2=0/0	C003_S3=0/0	C004_S4=0/0	C005_S5=0/0	C006_S6=0/0	C007_S7=0/0	C008_S8=0/0	C009_S9=0/0	C010_S10=0/0	C011_S11=0/0	C012_S12=0/0	C013_S13=0/0	C014_S14=0/0	C016_S15=0/0	C017_S16=0/0	C018_S17=0/0	C020_S18=0/0	C021_S19=0/0	C022_S20=0/0	C023_S21=0/0	C026_S22=0/0	C027_S23=0/1	C028_S24=0/0	C029_S25=0/0	C030_S26=0/0	C031_S27=0/0	C032_S28=0/0	C033_S29=0/0	C034_S30=0/0	C035_S31=0/0	C036_S32=0/0	C037_S33=0/0	C038_S34=0/0	C039_S35=0/0	C040_S36=0/0	C041_S37=0/0	C042_S38=0/0	C043_S39=0/0	C044_S40=0/0	C045_S41=0/0	C046_S42=0/0	C047_S43=0/0	C048_S44=0/0	C049_S45=0/0	C050_S46=0/0	C051_S47=0/0	C052_S48=0/0	C053_S49=0/0	C054_S50=0/0	C055_S51=0/0	C056_S52=0/0	C057_S53=0/0	C058_S54=0/0	C059_S55=0/0	C060_S56=0/0	C061_S57=0/0	C062_S58=0/0	C063_S59=0/0	C064_S60=0/0	C066_S61=0/0	C067_S62=0/0	C068_S63=0/0	C069_S64=0/0	C070_S65=0/0	C071_S66=0/0	C072_S67=0/0	C073_S68=0/0	C074_S69=0/0	C075_S70=0/0
chr13	48380208	T	C	SNP	2308.44	6001	C001_S1=0/0	C002_S2=0/0	C003_S3=0/0	C004_S4=0/0	C005_S5=0/0	C006_S6=0/0	C007_S7=0/0	C008_S8=0/0	C009_S9=0/0	C010_S10=0/0	C011_S11=0/0	C012_S12=0/0	C013_S13=0/1	C014_S14=0/0	C016_S15=0/0	C017_S16=0/0	C018_S17=0/0	C020_S18=0/0	C021_S19=0/0	C022_S20=0/0	C023_S21=0/0	C026_S22=0/0	C027_S23=0/0	C028_S24=0/0	C029_S25=0/0	C030_S26=0/0	C031_S27=0/0	C032_S28=0/0	C033_S29=0/0	C034_S30=0/0	C035_S31=0/0	C036_S32=0/0	C037_S33=0/0	C038_S34=0/0	C039_S35=0/0	C040_S36=0/0	C041_S37=0/0	C042_S38=0/0	C043_S39=0/0	C044_S40=0/0	C045_S41=0/0	C046_S42=0/0	C047_S43=0/0	C048_S44=0/0	C049_S45=0/0	C050_S46=0/0	C051_S47=0/0	C052_S48=0/0	C053_S49=0/0	C054_S50=0/0	C055_S51=0/0	C056_S52=0/0	C057_S53=0/0	C058_S54=0/0	C059_S55=0/0	C060_S56=0/0	C061_S57=0/0	C062_S58=0/0	C063_S59=0/0	C064_S60=0/0	C066_S61=0/0	C067_S62=0/0	C068_S63=0/0	C069_S64=0/0	C070_S65=0/0	C071_S66=0/0	C072_S67=0/0	C073_S68=0/0	C074_S69=0/0	C075_S70=0/0
chr13	48380214	CTT	C	INDEL	3561.4	5869	C001_S1=0/0	C002_S2=0/0	C003_S3=0/0	C004_S4=0/0	C005_S5=0/0	C006_S6=0/0	C007_S7=0/0	C008_S8=0/0	C009_S9=0/0	C010_S10=0/0	C011_S11=0/0	C012_S12=0/0	C013_S13=0/0	C014_S14=0/0	C016_S15=0/0	C017_S16=0/0	C018_S17=0/0	C020_S18=0/0	C021_S19=0/0	C022_S20=0/0	C023_S21=0/0	C026_S22=0/0	C027_S23=0/0	C028_S24=0/0	C029_S25=0/0	C030_S26=0/0	C031_S27=0/0	C032_S28=0/0	C033_S29=0/0	C034_S30=0/0	C035_S31=0/0	C036_S32=0/0	C037_S33=0/0	C038_S34=0/0	C039_S35=0/0	C040_S36=0/0	C041_S37=0/0	C042_S38=0/1	C043_S39=0/0	C044_S40=0/0	C045_S41=0/0	C046_S42=0/0	C047_S43=0/0	C048_S44=0/0	C049_S45=0/0	C050_S46=0/0	C051_S47=0/0	C052_S48=0/0	C053_S49=0/0	C054_S50=0/0	C055_S51=0/0	C056_S52=0/0	C057_S53=0/0	C058_S54=0/0	C059_S55=0/0	C060_S56=0/0	C061_S57=0/0	C062_S58=0/0	C063_S59=0/0	C064_S60=0/0	C066_S61=0/0	C067_S62=0/0	C068_S63=0/0	C069_S64=0/0	C070_S65=0/0	C071_S66=0/0	C072_S67=0/0	C073_S68=0/0	C074_S69=0/0	C075_S70=0/0
chr13	48380216	TGAGGTTGTAATGGCCACATATAGCA	T,*	INDEL,OVERLAP	1106.33	5886	C001_S1=0/0	C002_S2=0/0	C003_S3=0/0	C004_S4=0/0	C005_S5=0/0	C006_S6=0/0	C007_S7=0/0	C008_S8=0/0	C009_S9=0/0	C010_S10=0/0	C011_S11=0/0	C012_S12=0/0	C013_S13=0/0	C014_S14=0/0	C016_S15=0/0	C017_S16=0/0	C018_S17=0/0	C020_S18=0/0	C021_S19=0/0	C022_S20=0/0	C023_S21=0/0	C026_S22=0/0	C027_S23=0/0	C028_S24=0/0	C029_S25=0/0	C030_S26=0/0	C031_S27=0/0	C032_S28=0/0	C033_S29=0/0	C034_S30=0/0	C035_S31=0/0	C036_S32=0/0	C037_S33=0/0	C038_S34=0/0	C039_S35=0/0	C040_S36=0/0	C041_S37=0/0	C042_S38=0/2	C043_S39=0/0	C044_S40=0/0	C045_S41=0/1	C046_S42=0/0	C047_S43=0/0	C048_S44=0/0	C049_S45=0/0	C050_S46=0/0	C051_S47=0/0	C052_S48=0/0	C053_S49=0/0	C054_S50=0/0	C055_S51=0/0	C056_S52=0/0	C057_S53=0/0	C058_S54=0/0	C059_S55=0/0	C060_S56=0/0	C061_S57=0/0	C062_S58=0/0	C063_S59=0/0	C064_S60=0/0	C066_S61=0/0	C067_S62=0/0	C068_S63=0/0	C069_S64=0/0	C070_S65=0/0	C071_S66=0/0	C072_S67=0/0	C073_S68=0/0	C074_S69=0/0	C075_S70=0/0
chr13	48381321	GC	G	INDEL	2260.4	10518	C001_S1=0/0	C002_S2=0/0	C003_S3=0/0	C004_S4=0/0	C005_S5=0/0	C006_S6=0/0	C007_S7=0/0	C008_S8=0/0	C009_S9=0/0	C010_S10=0/0	C011_S11=0/0	C012_S12=0/0	C013_S13=0/0	C014_S14=0/0	C016_S15=0/0	C017_S16=0/0	C018_S17=0/0	C020_S18=0/0	C021_S19=0/0	C022_S20=0/0	C023_S21=0/0	C026_S22=0/0	C027_S23=0/0	C028_S24=0/0	C029_S25=0/0	C030_S26=0/0	C031_S27=0/0	C032_S28=0/0	C033_S29=0/0	C034_S30=0/0	C035_S31=0/0	C036_S32=0/0	C037_S33=0/0	C038_S34=0/0	C039_S35=0/0	C040_S36=0/0	C041_S37=0/0	C042_S38=0/0	C043_S39=0/0	C044_S40=0/0	C045_S41=0/0	C046_S42=0/0	C047_S43=0/0	C048_S44=0/0	C049_S45=0/0	C050_S46=0/0	C051_S47=0/0	C052_S48=0/0	C053_S49=0/0	C054_S50=0/0	C055_S51=0/0	C056_S52=0/0	C057_S53=0/0	C058_S54=0/0	C059_S55=0/1	C060_S56=0/0	C061_S57=0/0	C062_S58=0/0	C063_S59=0/0	C064_S60=0/0	C066_S61=0/0	C067_S62=0/0	C068_S63=0/0	C069_S64=0/0	C070_S65=0/0	C071_S66=0/0	C072_S67=0/0	C073_S68=0/0	C074_S69=0/0	C075_S70=0/0
chr13	48381322	C	G,*	SNP,OVERLAP	2164.47	10559	C001_S1=0/0	C002_S2=0/0	C003_S3=0/0	C004_S4=0/0	C005_S5=0/0	C006_S6=0/0	C007_S7=0/0	C008_S8=0/0	C009_S9=0/0	C010_S10=0/0	C011_S11=0/0	C012_S12=0/0	C013_S13=0/0	C014_S14=0/0	C016_S15=0/0	C017_S16=0/0	C018_S17=0/0	C020_S18=0/0	C021_S19=0/0	C022_S20=0/0	C023_S21=0/0	C026_S22=0/0	C027_S23=0/0	C028_S24=0/0	C029_S25=0/0	C030_S26=0/0	C031_S27=0/0	C032_S28=0/0	C033_S29=0/0	C034_S30=0/0	C035_S31=0/0	C036_S32=0/0	C037_S33=0/0	C038_S34=0/0	C039_S35=0/0	C040_S36=0/0	C041_S37=0/0	C042_S38=0/0	C043_S39=0/0	C044_S40=0/0	C045_S41=0/0	C046_S42=0/0	C047_S43=0/0	C048_S44=0/0	C049_S45=0/0	C050_S46=0/0	C051_S47=0/0	C052_S48=0/0	C053_S49=0/0	C054_S50=0/0	C055_S51=0/0	C056_S52=0/0	C057_S53=0/0	C058_S54=0/0	C059_S55=0/2	C060_S56=0/0	C061_S57=0/0	C062_S58=0/0	C063_S59=0/0	C064_S60=0/0	C066_S61=0/1	C067_S62=0/0	C068_S63=0/0	C069_S64=0/0	C070_S65=0/0	C071_S66=0/0	C072_S67=0/0	C073_S68=0/0	C074_S69=0/0	C075_S70=0/0
chr13	48381380	A	G	SNP	1673.57	10334	C001_S1=0/0	C002_S2=0/0	C003_S3=0/0	C004_S4=0/0	C005_S5=0/0	C006_S6=0/0	C007_S7=0/0	C008_S8=0/0	C009_S9=0/0	C010_S10=0/0	C011_S11=0/0	C012_S12=0/0	C013_S13=0/0	C014_S14=0/0	C016_S15=./.	C017_S16=0/0	C018_S17=0/0	C020_S18=0/0	C021_S19=0/0	C022_S20=0/0	C023_S21=0/0	C026_S22=0/0	C027_S23=0/0	C028_S24=0/0	C029_S25=0/0	C030_S26=0/0	C031_S27=0/0	C032_S28=0/0	C033_S29=0/0	C034_S30=0/0	C035_S31=0/0	C036_S32=0/0	C037_S33=0/0	C038_S34=0/0	C039_S35=0/0	C040_S36=0/0	C041_S37=0/0	C042_S38=0/0	C043_S39=0/0	C044_S40=0/0	C045_S41=0/0	C046_S42=0/0	C047_S43=0/0	C048_S44=0/0	C049_S45=0/0	C050_S46=0/0	C051_S47=0/0	C052_S48=0/0	C053_S49=0/0	C054_S50=0/0	C055_S51=0/0	C056_S52=0/0	C057_S53=0/0	C058_S54=0/0	C059_S55=0/0	C060_S56=0/1	C061_S57=0/0	C062_S58=0/0	C063_S59=0/0	C064_S60=0/0	C066_S61=0/0	C067_S62=0/0	C068_S63=0/0	C069_S64=0/0	C070_S65=0/0	C071_S66=0/0	C072_S67=0/0	C073_S68=0/0	C074_S69=0/0	C075_S70=0/0
chr13	48381413	T	TCGAATCATGGAATC	INDEL	2250.41	10259	C001_S1=0/0	C002_S2=0/0	C003_S3=0/0	C004_S4=0/0	C005_S5=0/0	C006_S6=0/0	C007_S7=0/0	C008_S8=0/0	C009_S9=0/0	C010_S10=0/0	C011_S11=0/0	C012_S12=0/0	C013_S13=0/0	C014_S14=0/0	C016_S15=./.	C017_S16=0/0	C018_S17=0/1	C020_S18=0/0	C021_S19=0/0	C022_S20=0/0	C023_S21=0/0	C026_S22=0/0	C027_S23=0/0	C028_S24=0/0	C029_S25=0/0	C030_S26=0/0	C031_S27=0/0	C032_S28=0/0	C033_S29=0/0	C034_S30=0/0	C035_S31=0/0	C036_S32=0/0	C037_S33=0/0	C038_S34=0/0	C039_S35=0/0	C040_S36=0/0	C041_S37=0/0	C042_S38=0/0	C043_S39=0/0	C044_S40=0/0	C045_S41=0/0	C046_S42=0/0	C047_S43=0/0	C048_S44=0/0	C049_S45=0/0	C050_S46=0/0	C051_S47=0/0	C052_S48=0/0	C053_S49=0/0	C054_S50=0/0	C055_S51=0/0	C056_S52=0/0	C057_S53=0/0	C058_S54=0/0	C059_S55=0/0	C060_S56=0/0	C061_S57=0/0	C062_S58=0/0	C063_S59=0/0	C064_S60=0/0	C066_S61=0/0	C067_S62=0/0	C068_S63=0/0	C069_S64=0/0	C070_S65=0/0	C071_S66=0/0	C072_S67=0/0	C073_S68=0/0	C074_S69=0/0	C075_S70=0/0
chr13	48381414	C	T	SNP	1095.44	10220	C001_S1=0/0	C002_S2=0/0	C003_S3=0/0	C004_S4=0/0	C005_S5=0/0	C006_S6=0/0	C007_S7=0/0	C008_S8=0/0	C009_S9=0/0	C010_S10=0/0	C011_S11=0/0	C012_S12=0/0	C013_S13=0/0	C014_S14=0/0	C016_S15=./.	C017_S16=0/0	C018_S17=0/0	C020_S18=0/0	C021_S19=0/0	C022_S20=0/0	C023_S21=0/0	C026_S22=0/0	C027_S23=0/0	C028_S24=0/0	C029_S25=0/0	C030_S26=0/0	C031_S27=0/0	C032_S28=0/0	C033_S29=0/0	C034_S30=0/0	C035_S31=0/0	C036_S32=0/0	C037_S33=0/0	C038_S34=0/0	C039_S35=0/0	C040_S36=0/0	C041_S37=0/0	C042_S38=0/0	C043_S39=0/0	C044_S40=0/1	C045_S41=0/0	C046_S42=0/0	C047_S43=0/0	C048_S44=0/0	C049_S45=0/0	C050_S46=0/0	C051_S47=0/0	C052_S48=0/0	C053_S49=0/0	C054_S50=0/0	C055_S51=0/0	C056_S52=0/0	C057_S53=0/0	C058_S54=0/0	C059_S55=0/0	C060_S56=0/0	C061_S57=0/0	C062_S58=0/0	C063_S59=0/0	C064_S60=0/0	C066_S61=0/0	C067_S62=0/0	C068_S63=0/0	C069_S64=0/0	C070_S65=0/0	C071_S66=0/0	C072_S67=0/0	C073_S68=0/0	C074_S69=0/0	C075_S70=0/0
chr13	48453032	C	T	SNP	1699.47	6321	C001_S1=0/0	C002_S2=0/0	C003_S3=0/1	C004_S4=0/0	C005_S5=0/0	C006_S6=0/0	C007_S7=0/0	C008_S8=0/0	C009_S9=0/0	C010_S10=0/0	C011_S11=0/0	C012_S12=0/0	C013_S13=0/0	C014_S14=0/0	C016_S15=0/0	C017_S16=0/0	C018_S17=0/0	C020_S18=0/0	C021_S19=0/0	C022_S20=0/0	C023_S21=0/0	C026_S22=0/0	C027_S23=0/0	C028_S24=0/0	C029_S25=0/0	C030_S26=0/0	C031_S27=0/0	C032_S28=0/0	C033_S29=0/0	C034_S30=0/0	C035_S31=0/0	C036_S32=0/0	C037_S33=0/0	C038_S34=0/0	C039_S35=0/0	C040_S36=0/0	C041_S37=0/0	C042_S38=0/0	C043_S39=0/0	C044_S40=0/0	C045_S41=0/0	C046_S42=0/0	C047_S43=0/0	C048_S44=0/0	C049_S45=0/0	C050_S46=0/0	C051_S47=0/0	C052_S48=0/0	C053_S49=0/0	C054_S50=0/0	C055_S51=0/0	C056_S52=0/0	C057_S53=0/0	C058_S54=0/0	C059_S55=0/0	C060_S56=0/0	C061_S57=0/0	C062_S58=0/0	C063_S59=0/0	C064_S60=0/0	C066_S61=0/0	C067_S62=0/0	C068_S63=0/0	C069_S64=0/0	C070_S65=0/0	C071_S66=0/0	C072_S67=0/0	C073_S68=0/0	C074_S69=0/0	C075_S70=0/0
chr13	48456251	G	A	SNP	1016.38	5223	C001_S1=0/0	C002_S2=0/0	C003_S3=0/0	C004_S4=0/0	C005_S5=0/0	C006_S6=0/0	C007_S7=0/0	C008_S8=0/0	C009_S9=0/0	C010_S10=0/0	C011_S11=0/0	C012_S12=0/0	C013_S13=0/0	C014_S14=0/0	C016_S15=0/0	C017_S16=0/0	C018_S17=0/0	C020_S18=0/0	C021_S19=0/0	C022_S20=0/0	C023_S21=0/0	C026_S22=0/0	C027_S23=0/1	C028_S24=0/0	C029_S25=0/0	C030_S26=0/0	C031_S27=0/0	C032_S28=0/0	C033_S29=0/0	C034_S30=0/0	C035_S31=0/0	C036_S32=0/0	C037_S33=0/0	C038_S34=0/0	C039_S35=0/0	C040_S36=0/0	C041_S37=0/0	C042_S38=0/0	C043_S39=0/0	C044_S40=0/0	C045_S41=0/0	C046_S42=0/0	C047_S43=0/0	C048_S44=0/0	C049_S45=0/0	C050_S46=0/0	C051_S47=0/0	C052_S48=0/0	C053_S49=0/0	C054_S50=0/0	C055_S51=0/0	C056_S52=0/0	C057_S53=0/0	C058_S54=0/0	C059_S55=0/0	C060_S56=0/0	C061_S57=0/0	C062_S58=0/0	C063_S59=0/0	C064_S60=0/0	C066_S61=0/0	C067_S62=0/0	C068_S63=0/0	C069_S64=0/0	C070_S65=0/0	C071_S66=0/0	C072_S67=0/0	C073_S68=0/0	C074_S69=0/0	C075_S70=0/0
chr13	48456296	TC	T	INDEL	1884.4	5272	C001_S1=0/0	C002_S2=0/0	C003_S3=0/0	C004_S4=0/0	C005_S5=0/0	C006_S6=0/0	C007_S7=0/0	C008_S8=0/0	C009_S9=0/0	C010_S10=0/0	C011_S11=0/0	C012_S12=0/0	C013_S13=0/0	C014_S14=0/0	C016_S15=0/0	C017_S16=0/0	C018_S17=0/0	C020_S18=0/0	C021_S19=0/0	C022_S20=0/0	C023_S21=0/0	C026_S22=0/0	C027_S23=0/0	C028_S24=0/0	C029_S25=0/0	C030_S26=0/0	C031_S27=0/0	C032_S28=0/0	C033_S29=0/0	C034_S30=0/0	C035_S31=0/0	C036_S32=0/0	C037_S33=0/1	C038_S34=0/0	C039_S35=0/0	C040_S36=0/0	C041_S37=0/0	C042_S38=0/0	C043_S39=0/0	C044_S40=0/0	C045_S41=0/0	C046_S42=0/0	C047_S43=0/0	C048_S44=0/0	C049_S45=0/0	C050_S46=0/0	C051_S47=0/0	C052_S48=0/0	C053_S49=0/0	C054_S50=0/0	C055_S51=0/0	C056_S52=0/0	C057_S53=0/0	C058_S54=0/0	C059_S55=0/0	C060_S56=0/0	C061_S57=0/0	C062_S58=0/0	C063_S59=0/0	C064_S60=0/0	C066_S61=0/0	C067_S62=0/0	C068_S63=0/0	C069_S64=0/0	C070_S65=0/0	C071_S66=0/0	C072_S67=0/0	C073_S68=0/0	C074_S69=0/0	C075_S70=0/0
chr13	48456343	A	T	SNP	836.65	4390	C001_S1=0/0	C002_S2=0/0	C003_S3=0/0	C004_S4=0/1	C005_S5=0/0	C006_S6=0/0	C007_S7=0/0	C008_S8=0/0	C009_S9=0/0	C010_S10=0/0	C011_S11=0/0	C012_S12=0/0	C013_S13=0/0	C014_S14=0/0	C016_S15=./.	C017_S16=0/0	C018_S17=0/0	C020_S18=0/0	C021_S19=0/0	C022_S20=0/0	C023_S21=0/0	C026_S22=0/0	C027_S23=0/0	C028_S24=0/0	C029_S25=0/0	C030_S26=0/0	C031_S27=0/0	C032_S28=0/0	C033_S29=0/0	C034_S30=0/0	C035_S31=0/0	C036_S32=0/0	C037_S33=0/0	C038_S34=0/0	C039_S35=0/0	C040_S36=0/0	C041_S37=0/0	C042_S38=0/0	C043_S39=0/0	C044_S40=0/0	C045_S41=0/0	C046_S42=0/0	C047_S43=0/0	C048_S44=0/0	C049_S45=0/0	C050_S46=0/0	C051_S47=0/0	C052_S48=0/0	C053_S49=0/0	C054_S50=0/0	C055_S51=0/0	C056_S52=0/0	C057_S53=0/0	C058_S54=0/0	C059_S55=0/0	C060_S56=0/0	C061_S57=0/0	C062_S58=0/0	C063_S59=0/0	C064_S60=0/0	C066_S61=0/0	C067_S62=0/0	C068_S63=0/0	C069_S64=0/0	C070_S65=0/0	C071_S66=0/0	C072_S67=0/0	C073_S68=0/0	C074_S69=0/0	C075_S70=0/0
chr13	48456349	G	C	SNP	617.61	4368	C001_S1=0/0	C002_S2=0/0	C003_S3=0/0	C004_S4=0/0	C005_S5=0/1	C006_S6=0/0	C007_S7=0/0	C008_S8=0/0	C009_S9=0/0	C010_S10=0/0	C011_S11=0/0	C012_S12=0/0	C013_S13=0/0	C014_S14=0/0	C016_S15=./.	C017_S16=0/0	C018_S17=0/0	C020_S18=0/0	C021_S19=0/0	C022_S20=0/0	C023_S21=0/0	C026_S22=0/0	C027_S23=0/0	C028_S24=0/0	C029_S25=0/0	C030_S26=0/0	C031_S27=0/0	C032_S28=0/0	C033_S29=0/0	C034_S30=0/0	C035_S31=0/0	C036_S32=0/0	C037_S33=0/0	C038_S34=0/0	C039_S35=0/0	C040_S36=0/0	C041_S37=0/0	C042_S38=0/0	C043_S39=0/0	C044_S40=0/0	C045_S41=0/0	C046_S42=0/0	C047_S43=0/0	C048_S44=0/0	C049_S45=0/0	C050_S46=0/0	C051_S47=0/0	C052_S48=0/0	C053_S49=0/0	C054_S50=0/0	C055_S51=0/0	C056_S52=0/0	C057_S53=0/0	C058_S54=0/0	C059_S55=0/0	C060_S56=0/0	C061_S57=0/0	C062_S58=0/0	C063_S59=0/0	C064_S60=0/0	C066_S61=0/0	C067_S62=0/0	C068_S63=0/0	C069_S64=0/0	C070_S65=0/0	C071_S66=0/0	C072_S67=0/0	C073_S68=0/0	C074_S69=0/0	C075_S70=0/0
chr13	48459708	C	T	SNP	16293.6	9417	C001_S1=0/0	C002_S2=0/0	C003_S3=0/0	C004_S4=0/0	C005_S5=0/0	C006_S6=0/0	C007_S7=0/0	C008_S8=0/0	C009_S9=0/1	C010_S10=0/1	C011_S11=0/0	C012_S12=0/0	C013_S13=0/0	C014_S14=0/0	C016_S15=0/0	C017_S16=0/0	C018_S17=0/0	C020_S18=0/0	C021_S19=0/1	C022_S20=0/0	C023_S21=0/0	C026_S22=0/0	C027_S23=0/0	C028_S24=0/0	C029_S25=0/0	C030_S26=0/0	C031_S27=0/0	C032_S28=0/0	C033_S29=0/0	C034_S30=0/0	C035_S31=0/0	C036_S32=0/0	C037_S33=0/0	C038_S34=0/0	C039_S35=0/0	C040_S36=0/0	C041_S37=0/0	C042_S38=0/0	C043_S39=0/0	C044_S40=0/0	C045_S41=0/0	C046_S42=0/1	C047_S43=0/0	C048_S44=0/0	C049_S45=0/0	C050_S46=0/0	C051_S47=0/0	C052_S48=0/0	C053_S49=0/0	C054_S50=0/0	C055_S51=0/0	C056_S52=0/0	C057_S53=0/0	C058_S54=0/0	C059_S55=0/0	C060_S56=0/0	C061_S57=0/0	C062_S58=0/0	C063_S59=0/0	C064_S60=0/0	C066_S61=0/0	C067_S62=0/0	C068_S63=0/0	C069_S64=0/0	C070_S65=0/0	C071_S66=0/0	C072_S67=0/0	C073_S68=0/0	C074_S69=0/0	C075_S70=0/0
chr13	48465338	CA	C	INDEL	1715.43	5819	C001_S1=0/0	C002_S2=0/0	C003_S3=0/0	C004_S4=0/0	C005_S5=0/0	C006_S6=0/0	C007_S7=0/0	C008_S8=0/0	C009_S9=0/0	C010_S10=0/0	C011_S11=0/0	C012_S12=0/0	C013_S13=0/0	C014_S14=0/0	C016_S15=0/0	C017_S16=0/0	C018_S17=0/0	C020_S18=0/0	C021_S19=0/0	C022_S20=0/0	C023_S21=0/0	C026_S22=0/0	C027_S23=0/0	C028_S24=0/0	C029_S25=0/0	C030_S26=0/0	C031_S27=0/0	C032_S28=0/0	C033_S29=0/0	C034_S30=0/0	C035_S31=0/0	C036_S32=0/0	C037_S33=0/0	C038_S34=0/0	C039_S35=0/0	C040_S36=0/0	C041_S37=0/0	C042_S38=0/0	C043_S39=0/0	C044_S40=0/0	C045_S41=0/0	C046_S42=0/0	C047_S43=0/0	C048_S44=0/0	C049_S45=0/0	C050_S46=0/0	C051_S47=0/0	C052_S48=0/0	C053_S49=0/0	C054_S50=0/0	C055_S51=0/0	C056_S52=0/0	C057_S53=0/0	C058_S54=0/0	C059_S55=0/0	C060_S56=0/0	C061_S57=0/0	C062_S58=0/0	C063_S59=0/0	C064_S60=0/0	C066_S61=0/0	C067_S62=0/0	C068_S63=0/0	C069_S64=0/0	C070_S65=0/1	C071_S66=0/0	C072_S67=0/0	C073_S68=0/0	C074_S69=0/0	C075_S70=0/0
chr13	48473390	GGTGA	G	INDEL	2727.34	10034	C001_S1=0/0	C002_S2=0/0	C003_S3=0/0	C004_S4=0/0	C005_S5=0/0	C006_S6=0/0	C007_S7=0/0	C008_S8=0/0	C009_S9=0/0	C010_S10=0/0	C011_S11=0/0	C012_S12=0/0	C013_S13=0/0	C014_S14=0/0	C016_S15=0/0	C017_S16=0/0	C018_S17=0/0	C020_S18=0/0	C021_S19=0/0	C022_S20=0/0	C023_S21=0/0	C026_S22=0/0	C027_S23=0/0	C028_S24=0/0	C029_S25=0/0	C030_S26=0/0	C031_S27=0/0	C032_S28=0/0	C033_S29=0/0	C034_S30=0/0	C035_S31=0/0	C036_S32=0/0	C037_S33=0/0	C038_S34=0/0	C039_S35=0/0	C040_S36=0/0	C041_S37=0/0	C042_S38=0/0	C043_S39=0/0	C044_S40=0/0	C045_S41=0/0	C046_S42=0/0	C047_S43=0/0	C048_S44=0/0	C049_S45=0/0	C050_S46=0/1	C051_S47=0/0	C052_S48=0/0	C053_S49=0/0	C054_S50=0/0	C055_S51=0/0	C056_S52=0/0	C057_S53=0/0	C058_S54=0/0	C059_S55=0/0	C060_S56=0/0	C061_S57=0/0	C062_S58=0/0	C063_S59=0/0	C064_S60=0/0	C066_S61=0/0	C067_S62=0/0	C068_S63=0/0	C069_S64=0/0	C070_S65=0/0	C071_S66=0/0	C072_S67=0/0	C073_S68=0/0	C074_S69=0/0	C075_S70=0/0
chr13	48476609	AT	A	INDEL	43.24	260	C001_S1=./.	C002_S2=0/0	C003_S3=0/0	C004_S4=./.	C005_S5=0/0	C006_S6=./.	C007_S7=./.	C008_S8=./.	C009_S9=0/0	C010_S10=./.	C011_S11=0/0	C012_S12=./.	C013_S13=./.	C014_S14=./.	C016_S15=./.	C017_S16=./.	C018_S17=./.	C020_S18=./.	C021_S19=0/0	C022_S20=./.	C023_S21=./.	C026_S22=./.	C027_S23=0/0	C028_S24=0/0	C029_S25=0/0	C030_S26=./.	C031_S27=./.	C032_S28=0/0	C033_S29=./.	C034_S30=./.	C035_S31=./.	C036_S32=0/0	C037_S33=./.	C038_S34=./.	C039_S35=0/0	C040_S36=./.	C041_S37=0/0	C042_S38=./.	C043_S39=0/0	C044_S40=./.	C045_S41=./.	C046_S42=0/0	C047_S43=./.	C048_S44=0/0	C049_S45=0/0	C050_S46=./.	C051_S47=./.	C052_S48=./.	C053_S49=./.	C054_S50=0/0	C055_S51=./.	C056_S52=./.	C057_S53=0/0	C058_S54=0/0	C059_S55=./.	C060_S56=0/0	C061_S57=0/0	C062_S58=./.	C063_S59=./.	C064_S60=./.	C066_S61=0|1	C067_S62=./.	C068_S63=0/0	C069_S64=./.	C070_S65=./.	C071_S66=0/0	C072_S67=./.	C073_S68=./.	C074_S69=./.	C075_S70=./.
